date,end_date,name,country_code,year,status,date_status,source_urls
2028-01-01,,Ano Novo,IN,2028,discretionary,confirmed,https://cag.gov.in/defence/new-delhi/en/page-defence-new-delhi-holidaylist https://dfe.gov.in/uploads/documents/list-of-restricted-holiidays-2026.pdf
2028-01-15,,Magh Bihu / Pongal,IN,2028,discretionary,estimated,https://cag.gov.in/defence/new-delhi/en/page-defence-new-delhi-holidaylist https://dfe.gov.in/uploads/documents/list-of-restricted-holiidays-2026.pdf
2028-01-15,,Makar Sankranti,IN,2028,discretionary,estimated,https://cag.gov.in/defence/new-delhi/en/page-defence-new-delhi-holidaylist https://dfe.gov.in/uploads/documents/list-of-restricted-holiidays-2026.pdf
2028-01-26,,Dia da República da Índia,IN,2028,statutory,confirmed,https://cag.gov.in/defence/new-delhi/en/page-defence-new-delhi-holidaylist https://dfe.gov.in/uploads/documents/list-of-gazetted-holidays-2026.pdf https://cag.gov.in/uploads/media/List-of-Gazetted-Holidays-and-Restricted-Holidays-2026-069492ddf80fa39-36385303.pdf
2028-02-01,,Basant Panchami,IN,2028,discretionary,estimated,https://cag.gov.in/defence/new-delhi/en/page-defence-new-delhi-holidaylist https://dfe.gov.in/uploads/documents/list-of-restricted-holiidays-2026.pdf
2028-02-10,,Nascimento de Guru Ravidas,IN,2028,discretionary,estimated,https://cag.gov.in/defence/new-delhi/en/page-defence-new-delhi-holidaylist https://dfe.gov.in/uploads/documents/list-of-restricted-holiidays-2026.pdf
2028-02-19,,Nascimento de Swami Dayananda Saraswati,IN,2028,discretionary,estimated,https://cag.gov.in/defence/new-delhi/en/page-defence-new-delhi-holidaylist https://dfe.gov.in/uploads/documents/list-of-restricted-holiidays-2026.pdf
2028-02-19,,Nascimento de Shivaji,IN,2028,discretionary,confirmed,https://cag.gov.in/defence/new-delhi/en/page-defence-new-delhi-holidaylist https://dfe.gov.in/uploads/documents/list-of-restricted-holiidays-2026.pdf
2028-02-23,,Maha Shivratri,IN,2028,discretionary,estimated,https://cag.gov.in/defence/new-delhi/en/page-defence-new-delhi-holidaylist https://dfe.gov.in/uploads/documents/list-of-restricted-holiidays-2026.pdf
2028-02-25,,Última Sexta-feira do Ramadã,IN,2028,discretionary,estimated,https://cag.gov.in/defence/new-delhi/en/page-defence-new-delhi-holidaylist https://dfe.gov.in/uploads/documents/list-of-restricted-holiidays-2026.pdf
2028-02-27,,Eid al-Fitr,IN,2028,statutory,estimated,https://cag.gov.in/defence/new-delhi/en/page-defence-new-delhi-holidaylist https://dfe.gov.in/uploads/documents/list-of-gazetted-holidays-2026.pdf https://cag.gov.in/uploads/media/List-of-Gazetted-Holidays-and-Restricted-Holidays-2026-069492ddf80fa39-36385303.pdf
2028-03-11,,Dolyatra,IN,2028,discretionary,estimated,https://cag.gov.in/defence/new-delhi/en/page-defence-new-delhi-holidaylist https://dfe.gov.in/uploads/documents/list-of-restricted-holiidays-2026.pdf
2028-03-11,,Holika Dahan,IN,2028,discretionary,estimated,https://cag.gov.in/defence/new-delhi/en/page-defence-new-delhi-holidaylist https://dfe.gov.in/uploads/documents/list-of-restricted-holiidays-2026.pdf
2028-03-12,,Holi,IN,2028,statutory,estimated,https://cag.gov.in/defence/new-delhi/en/page-defence-new-delhi-holidaylist https://dfe.gov.in/uploads/documents/list-of-gazetted-holidays-2026.pdf https://cag.gov.in/uploads/media/List-of-Gazetted-Holidays-and-Restricted-Holidays-2026-069492ddf80fa39-36385303.pdf
2028-03-26,,Chaitra Sukladi / Gudi Padwa / Ugadi / Cheti Chand,IN,2028,discretionary,estimated,https://cag.gov.in/defence/new-delhi/en/page-defence-new-delhi-holidaylist https://dfe.gov.in/uploads/documents/list-of-restricted-holiidays-2026.pdf
2028-04-03,,Rama Navami,IN,2028,statutory,estimated,https://cag.gov.in/defence/new-delhi/en/page-defence-new-delhi-holidaylist https://dfe.gov.in/uploads/documents/list-of-gazetted-holidays-2026.pdf https://cag.gov.in/uploads/media/List-of-Gazetted-Holidays-and-Restricted-Holidays-2026-069492ddf80fa39-36385303.pdf
2028-04-07,,Mahavir Jayanti,IN,2028,statutory,estimated,https://cag.gov.in/defence/new-delhi/en/page-defence-new-delhi-holidaylist https://dfe.gov.in/uploads/documents/list-of-gazetted-holidays-2026.pdf https://cag.gov.in/uploads/media/List-of-Gazetted-Holidays-and-Restricted-Holidays-2026-069492ddf80fa39-36385303.pdf
2028-04-14,,Sexta-feira Santa,IN,2028,statutory,confirmed,https://cag.gov.in/defence/new-delhi/en/page-defence-new-delhi-holidaylist https://dfe.gov.in/uploads/documents/list-of-gazetted-holidays-2026.pdf https://cag.gov.in/uploads/media/List-of-Gazetted-Holidays-and-Restricted-Holidays-2026-069492ddf80fa39-36385303.pdf
2028-04-14,,Vaisakhi / Vishu / Ano-Novo Tâmil,IN,2028,discretionary,estimated,https://cag.gov.in/defence/new-delhi/en/page-defence-new-delhi-holidaylist https://dfe.gov.in/uploads/documents/list-of-restricted-holiidays-2026.pdf
2028-04-15,,Ano-Novo Bengali / Bahag Bihu,IN,2028,discretionary,estimated,https://cag.gov.in/defence/new-delhi/en/page-defence-new-delhi-holidaylist https://dfe.gov.in/uploads/documents/list-of-restricted-holiidays-2026.pdf
2028-04-16,,Domingo de Páscoa,IN,2028,discretionary,confirmed,https://cag.gov.in/defence/new-delhi/en/page-defence-new-delhi-holidaylist https://dfe.gov.in/uploads/documents/list-of-restricted-holiidays-2026.pdf
2028-05-06,,Eid al-Adha,IN,2028,statutory,estimated,https://cag.gov.in/defence/new-delhi/en/page-defence-new-delhi-holidaylist https://dfe.gov.in/uploads/documents/list-of-gazetted-holidays-2026.pdf https://cag.gov.in/uploads/media/List-of-Gazetted-Holidays-and-Restricted-Holidays-2026-069492ddf80fa39-36385303.pdf
2028-05-08,,Buda Purnima,IN,2028,statutory,estimated,https://cag.gov.in/defence/new-delhi/en/page-defence-new-delhi-holidaylist https://dfe.gov.in/uploads/documents/list-of-gazetted-holidays-2026.pdf https://cag.gov.in/uploads/media/List-of-Gazetted-Holidays-and-Restricted-Holidays-2026-069492ddf80fa39-36385303.pdf
2028-05-09,,Nascimento de Rabindranath Tagore,IN,2028,discretionary,estimated,https://cag.gov.in/defence/new-delhi/en/page-defence-new-delhi-holidaylist https://dfe.gov.in/uploads/documents/list-of-restricted-holiidays-2026.pdf
2028-06-04,,Muharram (Ashura),IN,2028,statutory,estimated,https://cag.gov.in/defence/new-delhi/en/page-defence-new-delhi-holidaylist https://dfe.gov.in/uploads/documents/list-of-gazetted-holidays-2026.pdf https://cag.gov.in/uploads/media/List-of-Gazetted-Holidays-and-Restricted-Holidays-2026-069492ddf80fa39-36385303.pdf
2028-06-24,,Rath Yatra,IN,2028,discretionary,estimated,https://cag.gov.in/defence/new-delhi/en/page-defence-new-delhi-holidaylist https://dfe.gov.in/uploads/documents/list-of-restricted-holiidays-2026.pdf
2028-08-04,,Mawlid (Nascimento do Profeta),IN,2028,statutory,estimated,https://cag.gov.in/defence/new-delhi/en/page-defence-new-delhi-holidaylist https://dfe.gov.in/uploads/documents/list-of-gazetted-holidays-2026.pdf https://cag.gov.in/uploads/media/List-of-Gazetted-Holidays-and-Restricted-Holidays-2026-069492ddf80fa39-36385303.pdf
2028-08-05,,Raksha Bandhan,IN,2028,discretionary,estimated,https://cag.gov.in/defence/new-delhi/en/page-defence-new-delhi-holidaylist https://dfe.gov.in/uploads/documents/list-of-restricted-holiidays-2026.pdf
2028-08-13,,Janmashtami,IN,2028,statutory,estimated,https://cag.gov.in/defence/new-delhi/en/page-defence-new-delhi-holidaylist https://dfe.gov.in/uploads/documents/list-of-gazetted-holidays-2026.pdf https://cag.gov.in/uploads/media/List-of-Gazetted-Holidays-and-Restricted-Holidays-2026-069492ddf80fa39-36385303.pdf
2028-08-14,,Ano-Novo Parse / Nauroz,IN,2028,discretionary,estimated,https://cag.gov.in/defence/new-delhi/en/page-defence-new-delhi-holidaylist https://dfe.gov.in/uploads/documents/list-of-restricted-holiidays-2026.pdf
2028-08-15,,Dia da Independência da Índia,IN,2028,statutory,confirmed,https://cag.gov.in/defence/new-delhi/en/page-defence-new-delhi-holidaylist https://dfe.gov.in/uploads/documents/list-of-gazetted-holidays-2026.pdf https://cag.gov.in/uploads/media/List-of-Gazetted-Holidays-and-Restricted-Holidays-2026-069492ddf80fa39-36385303.pdf
2028-08-23,,Ganesh Chaturthi,IN,2028,discretionary,estimated,https://cag.gov.in/defence/new-delhi/en/page-defence-new-delhi-holidaylist https://dfe.gov.in/uploads/documents/list-of-restricted-holiidays-2026.pdf
2028-09-01,,Onam,IN,2028,discretionary,estimated,https://cag.gov.in/defence/new-delhi/en/page-defence-new-delhi-holidaylist https://dfe.gov.in/uploads/documents/list-of-restricted-holiidays-2026.pdf
2028-09-25,,Dussehra (Saptami),IN,2028,discretionary,estimated,https://cag.gov.in/defence/new-delhi/en/page-defence-new-delhi-holidaylist https://dfe.gov.in/uploads/documents/list-of-restricted-holiidays-2026.pdf
2028-09-26,,Dussehra (Mahashtami),IN,2028,discretionary,estimated,https://cag.gov.in/defence/new-delhi/en/page-defence-new-delhi-holidaylist https://dfe.gov.in/uploads/documents/list-of-restricted-holiidays-2026.pdf
2028-09-27,,Dussehra,IN,2028,statutory,estimated,https://cag.gov.in/defence/new-delhi/en/page-defence-new-delhi-holidaylist https://dfe.gov.in/uploads/documents/list-of-gazetted-holidays-2026.pdf https://cag.gov.in/uploads/media/List-of-Gazetted-Holidays-and-Restricted-Holidays-2026-069492ddf80fa39-36385303.pdf
2028-09-27,,Dussehra (Mahanavami),IN,2028,discretionary,estimated,https://cag.gov.in/defence/new-delhi/en/page-defence-new-delhi-holidaylist https://dfe.gov.in/uploads/documents/list-of-restricted-holiidays-2026.pdf
2028-10-02,,Aniversário de Mahatma Gandhi,IN,2028,statutory,confirmed,https://cag.gov.in/defence/new-delhi/en/page-defence-new-delhi-holidaylist https://dfe.gov.in/uploads/documents/list-of-gazetted-holidays-2026.pdf https://cag.gov.in/uploads/media/List-of-Gazetted-Holidays-and-Restricted-Holidays-2026-069492ddf80fa39-36385303.pdf
2028-10-03,,Nascimento de Maharishi Valmiki,IN,2028,discretionary,estimated,https://cag.gov.in/defence/new-delhi/en/page-defence-new-delhi-holidaylist https://dfe.gov.in/uploads/documents/list-of-restricted-holiidays-2026.pdf
2028-10-07,,Karwa Chauth,IN,2028,discretionary,estimated,https://cag.gov.in/defence/new-delhi/en/page-defence-new-delhi-holidaylist https://dfe.gov.in/uploads/documents/list-of-restricted-holiidays-2026.pdf
2028-10-17,,Diwali,IN,2028,statutory,estimated,https://cag.gov.in/defence/new-delhi/en/page-defence-new-delhi-holidaylist https://dfe.gov.in/uploads/documents/list-of-gazetted-holidays-2026.pdf https://cag.gov.in/uploads/media/List-of-Gazetted-Holidays-and-Restricted-Holidays-2026-069492ddf80fa39-36385303.pdf
2028-10-17,,Naraka Chaturdasi,IN,2028,discretionary,estimated,https://cag.gov.in/defence/new-delhi/en/page-defence-new-delhi-holidaylist https://dfe.gov.in/uploads/documents/list-of-restricted-holiidays-2026.pdf
2028-10-18,,Govardhan Puja,IN,2028,discretionary,estimated,https://cag.gov.in/defence/new-delhi/en/page-defence-new-delhi-holidaylist https://dfe.gov.in/uploads/documents/list-of-restricted-holiidays-2026.pdf
2028-10-19,,Bhai Duj,IN,2028,discretionary,estimated,https://cag.gov.in/defence/new-delhi/en/page-defence-new-delhi-holidaylist https://dfe.gov.in/uploads/documents/list-of-restricted-holiidays-2026.pdf
2028-10-23,,Chhath Puja,IN,2028,discretionary,estimated,https://cag.gov.in/defence/new-delhi/en/page-defence-new-delhi-holidaylist https://dfe.gov.in/uploads/documents/list-of-restricted-holiidays-2026.pdf
2028-11-02,,Nascimento de Guru Nanak,IN,2028,statutory,estimated,https://cag.gov.in/defence/new-delhi/en/page-defence-new-delhi-holidaylist https://dfe.gov.in/uploads/documents/list-of-gazetted-holidays-2026.pdf https://cag.gov.in/uploads/media/List-of-Gazetted-Holidays-and-Restricted-Holidays-2026-069492ddf80fa39-36385303.pdf
2028-11-24,,Martírio de Guru Teg Bahadur,IN,2028,discretionary,confirmed,https://cag.gov.in/defence/new-delhi/en/page-defence-new-delhi-holidaylist https://dfe.gov.in/uploads/documents/list-of-restricted-holiidays-2026.pdf
2028-12-01,,Nascimento de Hazrat Ali,IN,2028,discretionary,estimated,https://cag.gov.in/defence/new-delhi/en/page-defence-new-delhi-holidaylist https://dfe.gov.in/uploads/documents/list-of-restricted-holiidays-2026.pdf
2028-12-24,,Véspera de Natal,IN,2028,discretionary,confirmed,https://cag.gov.in/defence/new-delhi/en/page-defence-new-delhi-holidaylist https://dfe.gov.in/uploads/documents/list-of-restricted-holiidays-2026.pdf
2028-12-25,,Natal,IN,2028,statutory,confirmed,https://cag.gov.in/defence/new-delhi/en/page-defence-new-delhi-holidaylist https://dfe.gov.in/uploads/documents/list-of-gazetted-holidays-2026.pdf https://cag.gov.in/uploads/media/List-of-Gazetted-Holidays-and-Restricted-Holidays-2026-069492ddf80fa39-36385303.pdf
